{"charErrorRates": [0.21508342602892103, 0.21868743047830924, 0.20431590656284762, 0.21895439377085651, 0.22634037819799777, 0.22531701890989989, 0.21579532814238042, 0.21793103448275863, 0.22438264738598443, 0.2129477196885428, 0.21063403781979978, 0.22860956618464962, 0.20809788654060066, 0.21490545050055618, 0.2218464961067853, 0.20969966629588432, 0.20596218020022247, 0.20947719688542826, 0.21094549499443827, 0.2142825361512792, 0.21735261401557285, 0.2157508342602892, 0.2075639599555061, 0.21526140155728588, 0.20805339265850945, 0.21521690767519466, 0.21526140155728588, 0.20614015572858732], "wordAccuracies": [0.6227887617065556, 0.6189732917100242, 0.6370100589663545, 0.6135969476240027, 0.6153312521678806, 0.6130766562608394, 0.6236559139784946, 0.6234824835241068, 0.6151578217134929, 0.6246964967048214, 0.6326742976066597, 0.6132500867152272, 0.6292056885189039, 0.6266042317030871, 0.619146722164412, 0.6288588276101283, 0.639091224419008, 0.6352757544224766, 0.6318071453347208, 0.6295525494276795, 0.6210544571626778, 0.6212278876170656, 0.6323274366978842, 0.6288588276101283, 0.6370100589663545, 0.6267776621574749, 0.6245230662504335, 0.63579604578564]}